橙 daidai,35.65255,139.687696,本日の麺セット,日替り麺・日替り小丼・サラダ・漬物,,1,1,0,900,日替り麺,
橙 daidai,35.65255,139.687696,麻婆豆腐,,ごはんおかわり無料,1,1,0,900,"麻婆豆腐,炒め物,野菜料理,中華料理",
橙 daidai,35.65255,139.687696,麻婆板春雨,,ごはんおかわり無料,1,1,0,900,"麻婆豆腐,炒め物,野菜料理,中華料理",
橙 daidai,35.65255,139.687696,豚肉と赤唐辛子の細切り炒め,ごはんおかわり無料,,1,1,0,900,"炒め物,肉料理,中華料理",
橙 daidai,35.65255,139.687696,海老と玉子のチリソース,,ごはんおかわり無料,1,1,0,900,"炒め物,魚料理,中華料理",
橙 daidai,35.65255,139.687696,豚の角煮,,ごはんおかわり無料,1,1,0,900,"煮物,肉料理,中華料理",
橙 daidai,35.65255,139.687696,豚肉と茄子の黒味噌炒め,,ごはんおかわり無料,1,1,0,900,"炒め物,肉料理,中華料理",
橙 daidai,35.65255,139.687696,木耳玉子炒め,,ごはんおかわり無料,1,1,0,900,"炒め物,野菜料理,中華料理",
橙 daidai,35.65255,139.687696,回鍋肉,,ごはんおかわり無料,1,1,0,900,"回鍋肉,炒め物,肉料理,中華料理",
橙 daidai,35.65255,139.687696,レバニラ,,ごはんおかわり無料,1,1,0,900,"レバニラ,炒め物,肉料理,中華料理",
橙 daidai,35.65255,139.687696,豚焼肉定食,,ごはんおかわり無料,1,1,0,650,"焼肉,焼き料理,肉料理",
橙 daidai,35.65255,139.687696,辛豚焼肉定食,,ごはんおかわり無料,1,1,0,700,"焼肉,焼き料理,肉料理",
橙 daidai,35.65255,139.687696,白担々麺セット,白胡麻担々麺・ごはん・漬物・焼売2個,,1,1,0,1000,"担々麺,ラーメン,麺類,日本食",
橙 daidai,35.65255,139.687696,黒担々麺セット,黒胡麻担々麺・ごはん・漬物・水餃子2個,,1,1,0,1000,"担々麺,ラーメン,麺類,日本食",/img/default_menu/IMG_56301420394117151.JPG
へのへのもてじ,35.652261,139.689329,本しお麺,あっさり,,0,1,1,700,"塩ラーメン,ラーメン,麺類,日本食",
へのへのもてじ,35.652261,139.689329,本しょうゆ麺,あっさり,,0,1,1,700,"醤油ラーメン,ラーメン,麺類,日本食",
へのへのもてじ,35.652261,139.689329,博多豚骨麺,こってり,,0,1,1,700,"豚骨ラーメン,ラーメン,麺類,日本食",
へのへのもてじ,35.652261,139.689329,しお豚骨麺,こってり,,0,1,1,700,"豚骨ラーメン,ラーメン,麺類,日本食",
へのへのもてじ,35.652261,139.689329,野菜味噌豚骨麺,がっつり,,0,1,1,1000,"味噌ラーメン,ラーメン,麺類,日本食",
へのへのもてじ,35.652261,139.689329,野菜つけ麺,がっつり,,0,1,1,1000,"つけ麺,ラーメン,麺類,日本食",
へのへのもてじ,35.652261,139.689329,日替り丼セット,麺 + 丼 + サラダ,,1,1,1,950,,
へのへのもてじ,35.652261,139.689329,自家製なめ茸丼,麺 + 丼 + サラダ,,1,1,1,1000,"丼もの,日本食",
へのへのもてじ,35.652261,139.689329,辛子たか菜丼,麺 + 丼 + サラダ,,1,1,1,1000,"高菜丼,丼もの,野菜料理,日本食",
へのへのもてじ,35.652261,139.689329,鶏もてじ丼,麺 + 丼 + サラダ,,1,1,1,1000,"丼もの,日本食",
八雲,35.65053,139.689669,支那そば（黒だし）,,,0,1,1,650,"支那そば,ラーメン,麺類,日本食",/img/default_menu/IMG_883414203931491946.JPG
八雲,35.65053,139.689669,肉ワンタン麺（黒だし）,,,0,1,1,850,"ワンタン麺,ラーメン,麺類,日本食",/img/default_menu/IMG_883414203931647173.JPG
八雲,35.65053,139.689669,特製ワンタン麺（黒だし）,,,0,1,1,950,"ワンタン麺,ラーメン,麺類,日本食",/img/default_menu/IMG_883414203931771361.JPG
八雲,35.65053,139.689669,エビワンタン麺（黒だし）,,,0,1,1,1050,"ワンタン麺,ラーメン,麺類,日本食",/img/default_menu/IMG_883414203931901204.JPG
八雲,35.65053,139.689669,味玉そば（黒だし）,,,0,1,1,750,"支那そば,ラーメン,麺類,日本食",/img/default_menu/IMG_883414203932072033.JPG
八雲,35.65053,139.689669,つけそば（黒だし）,,,0,1,1,680,"つけ麺,ラーメン,麺類,日本食",
八雲,35.65053,139.689669,つけそば（肉ワンタン付き）（黒だし）,,,0,1,1,880,"つけ麺,ラーメン,麺類,日本食",
八雲,35.65053,139.689669,つけそば（特製ワンタン付き）（黒だし）,,,0,1,1,980,"つけ麺,ラーメン,麺類,日本食",
八雲,35.65053,139.689669,つけそば（エビワンタン付き）（黒だし）,,,0,1,1,1080,"つけ麺,ラーメン,麺類,日本食",
八雲,35.65053,139.689669,チャーシュー麺（黒だし）,,,0,1,1,980,"支那そば,ラーメン,麺類,日本食",/img/default_menu/IMG_883414203932481895.JPG
八雲,35.65053,139.689669,チャーシュー肉ワンタン麺（黒だし）,,,0,1,1,1180,"ワンタン麺,ラーメン,麺類,日本食",/img/default_menu/IMG_883414203932618455.JPG
八雲,35.65053,139.689669,チャーシュー特製ワンタン麺（黒だし）,,,0,1,1,1280,"ワンタン麺,ラーメン,麺類,日本食",/img/default_menu/IMG_883414203932732490.JPG
八雲,35.65053,139.689669,チャーシューエビワンタン麺（黒だし）,,,0,1,1,1380,"ワンタン麺,ラーメン,麺類,日本食",/img/default_menu/IMG_883414203932861337.JPG
八雲,35.65053,139.689669,スープワンタン（黒だし）,,麺は入ってません,0,1,1,800,"ワンタン,ラーメン,麺類,日本食",
八雲,35.65053,139.689669,支那そば（白だし）,,,0,1,1,650,"支那そば,ラーメン,麺類,日本食",/img/default_menu/IMG_883714203933038664.JPG
八雲,35.65053,139.689669,肉ワンタン麺（白だし）,,,0,1,1,850,"ワンタン麺,ラーメン,麺類,日本食",/img/default_menu/IMG_883714203933143314.JPG
八雲,35.65053,139.689669,特製ワンタン麺（白だし）,,,0,1,1,950,"ワンタン麺,ラーメン,麺類,日本食",/img/default_menu/IMG_883714203933274904.JPG
八雲,35.65053,139.689669,エビワンタン麺（白だし）,,,0,1,1,1050,"ワンタン麺,ラーメン,麺類,日本食",/img/default_menu/IMG_883714203933638188.JPG
八雲,35.65053,139.689669,味玉そば（白だし）,,,0,1,1,750,"支那そば,ラーメン,麺類,日本食",/img/default_menu/IMG_883714203933772546.JPG
八雲,35.65053,139.689669,つけそば（白だし）,,,0,1,1,680,"つけ麺,ラーメン,麺類,日本食",
八雲,35.65053,139.689669,つけそば（肉ワンタン付き）（白だし）,,,0,1,1,880,"つけ麺,ラーメン,麺類,日本食",
八雲,35.65053,139.689669,つけそば（特製ワンタン付き）（白だし）,,,0,1,1,980,"つけ麺,ラーメン,麺類,日本食",
八雲,35.65053,139.689669,つけそば（エビワンタン付き）（白だし）,,,0,1,1,1080,"つけ麺,ラーメン,麺類,日本食",
八雲,35.65053,139.689669,チャーシュー麺（白だし）,,,0,1,1,980,"支那そば,ラーメン,麺類,日本食",/img/default_menu/IMG_883714203933967167.JPG
八雲,35.65053,139.689669,チャーシュー肉ワンタン麺（白だし）,,,0,1,1,1180,"ワンタン麺,ラーメン,麺類,日本食",/img/default_menu/IMG_883714203934072433.JPG
八雲,35.65053,139.689669,チャーシュー特製ワンタン麺（白だし）,,,0,1,1,1280,"ワンタン麺,ラーメン,麺類,日本食",/img/default_menu/IMG_883714203934171355.JPG
八雲,35.65053,139.689669,チャーシューエビワンタン麺（白だし）,,,0,1,1,1380,"ワンタン麺,ラーメン,麺類,日本食",/img/default_menu/IMG_88371420393428297.JPG
八雲,35.65053,139.689669,スープワンタン（白だし）,,麺は入ってません,0,1,1,800,"ワンタン,ラーメン,麺類,日本食",
麺屋 和利道,35.651234,139.689897,和利道つけめん,,,0,1,1,1050,"つけ麺,ラーメン,麺類,日本食",/img/default_menu/IMG_107414203938803240.JPG
麺屋 和利道,35.651234,139.689897,味玉つけめん,,,0,1,1,900,"つけ麺,ラーメン,麺類,日本食",/img/default_menu/IMG_881414203939055181.JPG
麺屋 和利道,35.651234,139.689897,辛つけめん,,,0,1,1,850,"つけ麺,ラーメン,麺類,日本食",
麺屋 和利道,35.651234,139.689897,つけめん,,,0,1,1,800,"つけ麺,ラーメン,麺類,日本食",/img/default_menu/IMG_107414203940395175.JPG
麺屋 和利道,35.651234,139.689897,和利道あつもり,,,0,1,1,1050,"つけ麺,ラーメン,麺類,日本食",/img/default_menu/IMG_1073_modified14203939601009.jpg
麺屋 和利道,35.651234,139.689897,味玉あつもり,,,0,1,1,900,"つけ麺,ラーメン,麺類,日本食",/img/default_menu/IMG_1073_modified14203939865461.jpg
麺屋 和利道,35.651234,139.689897,辛あつもり,,,0,1,1,850,"つけ麺,ラーメン,麺類,日本食",/img/default_menu/IMG_1073_modified14203939968242.jpg
麺屋 和利道,35.651234,139.689897,あつもり,,,0,1,1,800,"つけ麺,ラーメン,麺類,日本食",/img/default_menu/IMG_1073_modified14203940087349.jpg
麺屋 和利道,35.651234,139.689897,魚介そば,,冬季限定,0,1,1,750,"つけ麺,ラーメン,麺類,日本食",
鶏舎,35.651263,139.69036,ラーメン,,,0,1,1,600,"支那そば,ラーメン,麺類,日本食",
鶏舎,35.651263,139.69036,チャーシューメン,,,0,1,1,900,"支那そば,ラーメン,麺類,日本食",
鶏舎,35.651263,139.69036,ワンタン,,,0,1,1,750,"ワンタン,ラーメン,麺類,日本食",
鶏舎,35.651263,139.69036,ワンタンメン,,,0,1,1,900,"ワンタン麺,ラーメン,麺類,日本食",
鶏舎,35.651263,139.69036,タンメン,,,0,1,1,850,"タンメン,ラーメン,麺類,中華料理",
鶏舎,35.651263,139.69036,モヤシソバ,,,0,1,1,850,"支那そば,ラーメン,麺類,日本食",
鶏舎,35.651263,139.69036,ネギソバ,,,0,1,1,850,"支那そば,ラーメン,麺類,日本食",
鶏舎,35.651263,139.69036,トリソバ,,,0,1,1,850,"支那そば,ラーメン,麺類,日本食",
鶏舎,35.651263,139.69036,タンタンメン,,,0,1,1,900,"担々麺,ラーメン,麺類,日本食",
鶏舎,35.651263,139.69036,マーボメン,,,0,1,1,900,"麻婆麺,ラーメン,麺類,中華料理",
鶏舎,35.651263,139.69036,肉細切りソバ,,,0,1,1,950,"ラーメン,麺類,中華料理",
鶏舎,35.651263,139.69036,肉細切り焼ソバ,,,0,1,1,950,"焼きそば,うどん・そば,麺類,日本食",
鶏舎,35.651263,139.69036,五目ウマニソバ,,,0,1,1,950,"支那そば,ラーメン,麺類,日本食",
鶏舎,35.651263,139.69036,五目焼ソバ,,,0,1,1,950,"焼きそば,うどん・そば,麺類,日本食",
鶏舎,35.651263,139.69036,ザーサイメン,,,0,1,1,900,"ラーメン,麺類,中華料理",
鶏舎,35.651263,139.69036,エビソバ,,,0,1,1,1000,"ラーメン,麺類,中華料理",
鶏舎,35.651263,139.69036,エビ焼ソバ,,,0,1,1,1000,"ラーメン,麺類,中華料理",
鶏舎,35.651263,139.69036,高菜ソバ,,,0,1,1,900,"ラーメン,麺類,中華料理",
鶏舎,35.651263,139.69036,辛いソバ,,,0,1,1,950,"ラーメン,麺類,中華料理",
鶏舎,35.651263,139.69036,酢ノキイタ辛いソバ,,,0,1,1,1000,"ラーメン,麺類,中華料理",
鶏舎,35.651263,139.69036,チャーハン,,,0,1,1,800,"チャーハン,炒め物,米料理,中華料理",
鶏舎,35.651263,139.69036,エビチャーハン,,,0,1,1,950,"チャーハン,炒め物,米料理,中華料理",
鶏舎,35.651263,139.69036,カニチャーハン,,,0,1,1,950,"チャーハン,炒め物,米料理,中華料理",
鶏舎,35.651263,139.69036,五目ウマニかけ飯,,,0,1,1,950,"中華飯,丼もの,炒め物,米料理,中華料理",
鶏舎,35.651263,139.69036,マーボ丼,,,0,1,1,900,"麻婆丼,麻婆豆腐,丼もの,野菜料理,中華料理",
鶏舎,35.651263,139.69036,カニ玉丼,,,0,1,1,1000,"丼もの,野菜料理,中華料理",
鶏舎,35.651263,139.69036,エビウマニかけ飯,,,0,1,1,1000,"丼もの,野菜料理,中華料理",
ビストロティガボンボン 池尻大橋店,35.651674,139.688042,ボンボン特製キーマカレー,,,0,1,0,980,"キーマカレー,カレー,インドカレー,インド料理,アジア・エスニック",
ビストロティガボンボン 池尻大橋店,35.651674,139.688042,子羊と春野菜のグリル トマトソース,,,0,1,0,980,"肉料理,洋食",
ビストロティガボンボン 池尻大橋店,35.651674,139.688042,ハーブ塩で漬込んだ鶏のスパイシーグリル,,,0,1,0,980,"グリルチキン,定食,焼き物,鶏肉料理,洋食",
ビストロティガボンボン 池尻大橋店,35.651674,139.688042,手作り自家製ハンバーグ,,,0,1,0,1080,"ハンバーグ,焼き物,肉料理,アメリカ料理",
ビストロティガボンボン 池尻大橋店,35.651674,139.688042,トマトがたっぷり ビストロカレー,,,0,1,0,980,"カレーライス,カレー,日本食",
ビストロティガボンボン 池尻大橋店,35.651674,139.688042,厚切りロースカツレツ,,,0,1,0,1080,"とんかつ,定食,揚げ物,肉料理,日本食",
C-MEN-HAN シーメンハン 池尻大橋店,35.651096,139.684788,麻婆豆腐,,,1,1,0,898,"麻婆豆腐,炒め物,野菜料理,中華料理",
C-MEN-HAN シーメンハン 池尻大橋店,35.651096,139.684788,青椒牛肉絲,,,1,1,0,898,"炒め物,肉料理,中華料理",
C-MEN-HAN シーメンハン 池尻大橋店,35.651096,139.684788,海老チリソース,,,1,1,0,898,"エビチリ,炒め物,魚料理,中華料理",
C-MEN-HAN シーメンハン 池尻大橋店,35.651096,139.684788,黒酢酢豚,,,1,1,0,898,"酢豚,炒め物,肉料理,中華料理",/img/default_menu/IMG_856614203880057108.JPG
C-MEN-HAN シーメンハン 池尻大橋店,35.651096,139.684788,海老の玉子炒め,,,1,1,0,898,"炒め物,肉料理,中華料理",
C-MEN-HAN シーメンハン 池尻大橋店,35.651096,139.684788,回鍋肉,,,1,1,0,898,"回鍋肉,炒め物,肉料理,中華料理",
C-MEN-HAN シーメンハン 池尻大橋店,35.651096,139.684788,鶏バリバリ揚げ,,,1,1,0,898,"揚げ物,鶏肉料理,中華料理",
C-MEN-HAN シーメンハン 池尻大橋店,35.651096,139.684788,肉野菜炒め,,,1,1,0,898,"野菜炒め,定食,炒め物,野菜料理,日本食",
C-MEN-HAN シーメンハン 池尻大橋店,35.651096,139.684788,鶏肉の辛子炒め,,,1,1,0,898,"炒め物,鶏肉料理,中華料理",
C-MEN-HAN シーメンハン 池尻大橋店,35.651096,139.684788,香辣(シャンラー)牛刀削麺,,,0,1,0,898,"刃削麺,ラーメン,麺類,中華料理",
C-MEN-HAN シーメンハン 池尻大橋店,35.651096,139.684788,高菜牛バラ刀削麺,,,0,1,0,898,"刃削麺,ラーメン,麺類,中華料理",
C-MEN-HAN シーメンハン 池尻大橋店,35.651096,139.684788,酸辣刀削麺,,,0,1,0,898,"刃削麺,ラーメン,麺類,中華料理",
C-MEN-HAN シーメンハン 池尻大橋店,35.651096,139.684788,麻辣刀削麺,,,0,1,0,898,"刃削麺,ラーメン,麺類,中華料理",
C-MEN-HAN シーメンハン 池尻大橋店,35.651096,139.684788,白胡麻刀削麺,,,0,1,0,898,"刃削麺,ラーメン,麺類,中華料理",
C-MEN-HAN シーメンハン 池尻大橋店,35.651096,139.684788,黒胡麻刀削麺,,,0,1,0,898,"刃削麺,ラーメン,麺類,中華料理",
C-MEN-HAN シーメンハン 池尻大橋店,35.651096,139.684788,葱醤油刀削麺,,,0,1,0,898,"刃削麺,ラーメン,麺類,中華料理",
C-MEN-HAN シーメンハン 池尻大橋店,35.651096,139.684788,海鮮塩刀削麺,,,0,1,0,898,"刃削麺,ラーメン,麺類,中華料理",
C-MEN-HAN シーメンハン 池尻大橋店,35.651096,139.684788,五目刀削麺,,,0,1,0,898,"刃削麺,ラーメン,麺類,中華料理",
C-MEN-HAN シーメンハン 池尻大橋店,35.651096,139.684788,角煮油撥刀削麺,,,0,1,0,898,"刃削麺,ラーメン,麺類,中華料理",
C-MEN-HAN シーメンハン 池尻大橋店,35.651096,139.684788,肉味噌刀削麺,,,0,1,0,898,"刃削麺,ラーメン,麺類,中華料理",
C-MEN-HAN シーメンハン 池尻大橋店,35.651096,139.684788,麻婆豆腐刀削麺,,,0,1,0,898,"刃削麺,ラーメン,麺類,中華料理",
C-MEN-HAN シーメンハン 池尻大橋店,35.651096,139.684788,五目あんがけ焼きそば,,,0,1,0,898,"焼きそば,麺類,中華料理",
C-MEN-HAN シーメンハン 池尻大橋店,35.651096,139.684788,海鮮塩あんがけ焼きそば,,,0,1,0,898,"焼きそば,麺類,中華料理",
C-MEN-HAN シーメンハン 池尻大橋店,35.651096,139.684788,桜エビ焼きビーフン,,,0,1,0,898,"焼きそば,麺類,中華料理",
C-MEN-HAN シーメンハン 池尻大橋店,35.651096,139.684788,焼豚＆高菜炒飯,,,0,1,0,898,"チャーハン,炒め物,米料理,中華料理",
C-MEN-HAN シーメンハン 池尻大橋店,35.651096,139.684788,フカヒレあんがけ炒飯,,,0,1,0,898,"チャーハン,炒め物,米料理,中華料理",
C-MEN-HAN シーメンハン 池尻大橋店,35.651096,139.684788,角煮入り野菜たっぷり炒飯,,,0,1,0,898,"チャーハン,炒め物,米料理,中華料理",
ソウルフードバンコク,35.650377,139.684885,タイの日替りランチ,スープ・ミニサラダ・デザート付き,,1,1,0,880,"タイ料理,アジア・エスニック",
ソウルフードバンコク,35.650377,139.684885,名物！！総州古白鶏のタイ釜飯,スープ・ミニサラダ・デザート付き,,1,1,0,900,"タイ料理,アジア・エスニック",
ソウルフードバンコク,35.650377,139.684885,豚挽き肉のガパオ炒めご飯フライドエッグのせ,スープ・ミニサラダ・デザート付き,,1,1,0,880,"ガパオ,炒め物,肉料理,タイ料理,アジア・エスニック",
ソウルフードバンコク,35.650377,139.684885,特製グリーンカレー,スープ・ミニサラダ・デザート付き,,1,1,0,900,"グリーンカレー,カレー,タイカレー,タイ料理,アジア・エスニック",/img/default_menu/IMG_848814203917893615.JPG
ソウルフードバンコク,35.650377,139.684885,タイの焼きビーフン,スープ・ミニサラダ・デザート付き,,1,1,0,880,"タイ料理,麺類,アジア・エスニック",
ソウルフードバンコク,35.650377,139.684885,タイのしょう油汁そば,スープ・ミニサラダ・デザート付き,,1,1,0,880,"タイ料理,麺類,アジア・エスニック",
ソウルフードバンコク,35.650377,139.684885,激辛トムヤム汁そば,,,1,1,0,880,"トムヤムラーメン,トムヤムクン,ラーメン,麺類,タイ料理,アジア・エスニック",/img/default_menu/IMG_848514203918083233.JPG
ソウルフードバンコク,35.650377,139.684885,グリーンカレーラーメン,スープ・ミニサラダ・デザート付き,,1,1,0,900,"ラーメン,麺類,カレー,グリーンカレー,タイカレー,タイ料理,アジア・エスニック",
ムッシュ ヨースケ,35.64936,139.691718,じっくり煮込んだビーフカレー,,ランチセットは1000円でスープ＋コーヒーor紅茶,0,1,1,820,"カレーライス,カレー,日本食",
ムッシュ ヨースケ,35.64936,139.691718,野菜たっぷりベジタブルカレー,,ランチセットは1000円でスープ＋コーヒーor紅茶,0,1,1,820,"カレーライス,カレー,日本食",/img/default_menu/IMG_765614203924253693.JPG
ムッシュ ヨースケ,35.64936,139.691718,若鶏のチキンカレー,,ランチセットは1000円でスープ＋コーヒーor紅茶,0,1,1,820,"カレーライス,カレー,日本食",
ムッシュ ヨースケ,35.64936,139.691718,黒豚ロースのカツカレー,,ランチセットは1150円でスープ＋コーヒーor紅茶,0,1,1,950,"カレーライス,カレー,日本食",/img/default_menu/IMG_765914203924466170.JPG
麺の坊 砦,35.657149,139.691443,砦らぁめん,,,0,1,1,720,"豚骨ラーメン,ラーメン,麺類,日本食",/img/default_menu/IMG_88491420393640580.JPG
麺の坊 砦,35.657149,139.691443,肉もやしらぁめん,,,0,1,1,880,"豚骨ラーメン,ラーメン,麺類,日本食",
麺の坊 砦,35.657149,139.691443,のりと半熟玉子らぁめん,,,0,1,1,880,"豚骨ラーメン,ラーメン,麺類,日本食",/img/default_menu/IMG_768914203936729317.JPG
麺の坊 砦,35.657149,139.691443,肉増しらぁめん,,,0,1,1,930,"豚骨ラーメン,ラーメン,麺類,日本食",
麺の坊 砦,35.657149,139.691443,和だしつけ麺,,,0,1,1,900,"つけ麺,ラーメン,麺類,日本食",
麺の坊 砦,35.657149,139.691443,ゆず辛つけ麺,,,0,1,1,1000,"つけ麺,ラーメン,麺類,日本食",/img/default_menu/IMG_76881420393695570.JPG
GOLDEN BROWN,35.649013,139.691406,ハンバーガー,,サラダ・ポテト・ドリンク別,0,1,1,900,"ハンバーガー,パン料理,アメリカ料理,肉料理,洋食",
GOLDEN BROWN,35.649013,139.691406,チーズバーガー,,サラダ・ポテト・ドリンク別,0,1,1,1050,"ハンバーガー,パン料理,アメリカ料理,肉料理,洋食",
GOLDEN BROWN,35.649013,139.691406,ベーコンチーズバーガー,,サラダ・ポテト・ドリンク別,0,1,1,1200,"ハンバーガー,パン料理,アメリカ料理,肉料理,洋食",
GOLDEN BROWN,35.649013,139.691406,エッグバーガー,,サラダ・ポテト・ドリンク別,0,1,1,1050,"ハンバーガー,パン料理,アメリカ料理,肉料理,洋食",
GOLDEN BROWN,35.649013,139.691406,エッグベーコンバーガー,,サラダ・ポテト・ドリンク別,0,1,1,1200,"ハンバーガー,パン料理,アメリカ料理,肉料理,洋食",/img/default_menu/IMG_843314203908749986.JPG
GOLDEN BROWN,35.649013,139.691406,アボカドバーガー,,サラダ・ポテト・ドリンク別,0,1,1,1200,"ハンバーガー,パン料理,アメリカ料理,肉料理,洋食",
GOLDEN BROWN,35.649013,139.691406,アボカドチーズバーガー,,サラダ・ポテト・ドリンク別,0,1,1,1350,"ハンバーガー,パン料理,アメリカ料理,肉料理,洋食",
GOLDEN BROWN,35.649013,139.691406,ダブルバーガー,,サラダ・ポテト・ドリンク別,0,1,1,1300,"ハンバーガー,パン料理,アメリカ料理,肉料理,洋食",
GOLDEN BROWN,35.649013,139.691406,ダブルチーズバーガー,,サラダ・ポテト・ドリンク別,0,1,1,1650,"ハンバーガー,パン料理,アメリカ料理,肉料理,洋食",
GOLDEN BROWN,35.649013,139.691406,フィッシュバーガー,,サラダ・ポテト・ドリンク別,0,1,1,980,"ハンバーガー,パン料理,アメリカ料理,肉料理,洋食",
ディップパレス 中目黒店,35.647522,139.693935,本日の日替りカレー,ナンorサフランライス・サラダ・ドリンク付き,辛さ2,1,1,0,950,"インドカレー,カレー,インド料理,アジア・エスニック",
ディップパレス 中目黒店,35.647522,139.693935,キーマエッグカレー,ナンorサフランライス・サラダ・ドリンク付き,辛さ2,1,1,0,950,"キーマカレー,カレー,インドカレー,インド料理,アジア・エスニック",
ディップパレス 中目黒店,35.647522,139.693935,チキンカレー,ナンorサフランライス・サラダ・ドリンク付き,辛さ2,1,1,0,950,"インドカレー,カレー,インド料理,アジア・エスニック",
ディップパレス 中目黒店,35.647522,139.693935,野菜カレー,ナンorサフランライス・サラダ・ドリンク付き,辛さ1,1,1,0,980,"インドカレー,カレー,インド料理,アジア・エスニック",
ディップパレス 中目黒店,35.647522,139.693935,マトンカレー,ナンorサフランライス・サラダ・ドリンク付き,辛さ2,1,1,0,980,"マトンカレー,カレー,インドカレー,インド料理,アジア・エスニック",/img/default_menu/IMG_20141118_13353414203916209105.jpg
ディップパレス 中目黒店,35.647522,139.693935,サグチキンカレー,ナンorサフランライス・サラダ・ドリンク付き,辛さ1,1,1,0,980,"サグカレー,カレー,インドカレー,インド料理,アジア・エスニック",
ディップパレス 中目黒店,35.647522,139.693935,ミックスシーフードカレー,ナンorサフランライス・サラダ・ドリンク付き,辛さ1,1,1,0,980,"インドカレー,カレー,インド料理,アジア・エスニック",
天竺屋台 中目黒,35.647337,139.694437,牛肉刀削麺,,#ERROR!,0,1,0,850,"刃削麺,ラーメン,麺類,中華料理",
天竺屋台 中目黒,35.647337,139.694437,麻辣刀削麺,,#ERROR!,0,1,0,700,"刃削麺,ラーメン,麺類,中華料理",
天竺屋台 中目黒,35.647337,139.694437,担々刀削麺,,#ERROR!,0,1,0,700,"刃削麺,ラーメン,麺類,中華料理",
天竺屋台 中目黒,35.647337,139.694437,葱油叉焼刀削麺,,#ERROR!,0,1,0,700,"刃削麺,ラーメン,麺類,中華料理",
天竺屋台 中目黒,35.647337,139.694437,ユーボ麺,,#ERROR!,0,1,0,850,"刃削麺,ラーメン,麺類,中華料理",
DRAGON 純豆腐 中目黒本店,35.647577,139.694718,ドラゴン純豆腐,豆腐、卵、あさり、豚バラ、ネギ、エビ、イカ、ホタテ、鶏肉、つみれ(名古屋コーチン)、明太子,,0,1,1,1250,"スンドゥブ,鍋料理,韓国料理,アジア・エスニック",/img/default_menu/14203902983747.png
DRAGON 純豆腐 中目黒本店,35.647577,139.694718,チーズ純豆腐,豆腐、卵、あさり、豚バラ、ネギ、ミックスチーズ,,0,1,1,1000,"スンドゥブ,鍋料理,韓国料理,アジア・エスニック",/img/default_menu/14203903533553.png
DRAGON 純豆腐 中目黒本店,35.647577,139.694718,地鶏つみれ純豆腐,豆腐、卵、あさり、豚バラ、ネギ、つみれ(名古屋コーチン),,0,1,1,1100,"スンドゥブ,鍋料理,韓国料理,アジア・エスニック",/img/default_menu/14203904647056.png
DRAGON 純豆腐 中目黒本店,35.647577,139.694718,黒豚キムチ純豆腐,豆腐、卵、あさり、豚バラ、ネギ、キムチ、鹿児島産黒豚,,0,1,1,1100,"スンドゥブ,鍋料理,韓国料理,アジア・エスニック",/img/default_menu/14203905097555.JPG
DRAGON 純豆腐 中目黒本店,35.647577,139.694718,水餃子純豆腐,豆腐、卵、あさり、豚バラ、ネギ、水餃子,,0,1,1,1050,"スンドゥブ,鍋料理,韓国料理,アジア・エスニック",/img/default_menu/14203905357072.JPG
DRAGON 純豆腐 中目黒本店,35.647577,139.694718,トマト純豆腐,豆腐、卵、あさり、豚バラ、ネギ、トマト,,0,1,1,950,"スンドゥブ,鍋料理,韓国料理,アジア・エスニック",/img/default_menu/142039056532.png
DRAGON 純豆腐 中目黒本店,35.647577,139.694718,きつね純豆腐,豆腐、卵、あさり、豚バラ、ネギ、油揚げ,,0,1,1,950,"スンドゥブ,鍋料理,韓国料理,アジア・エスニック",/img/default_menu/14203906182169.png
DRAGON 純豆腐 中目黒本店,35.647577,139.694718,ホワイト純豆腐,豆腐、あさり、鶏肉、ネギ、プゴク,,0,1,1,1000,"スンドゥブ,鍋料理,韓国料理,アジア・エスニック",/img/default_menu/14203906307269.png
DRAGON 純豆腐 中目黒本店,35.647577,139.694718,牛スジ純豆腐,豆腐、卵、あさり、豚バラ、ネギ、牛スジ,,0,1,1,1050,"スンドゥブ,鍋料理,韓国料理,アジア・エスニック",/img/default_menu/1420390644648.png
DRAGON 純豆腐 中目黒本店,35.647577,139.694718,明太子純豆腐,豆腐、卵、あさり、豚バラ、ネギ、明太子,,0,1,1,1000,"スンドゥブ,鍋料理,韓国料理,アジア・エスニック",/img/default_menu/14203906587242.png
DRAGON 純豆腐 中目黒本店,35.647577,139.694718,納豆純豆腐,豆腐、卵、あさり、豚バラ、ネギ、納豆,,0,1,1,1000,"スンドゥブ,鍋料理,韓国料理,アジア・エスニック",/img/default_menu/1420390671701.png
DRAGON 純豆腐 中目黒本店,35.647577,139.694718,鶏純豆腐,豆腐、卵、あさり、豚バラ、ネギ、鶏肉(美桜鶏),,0,1,1,1050,"スンドゥブ,鍋料理,韓国料理,アジア・エスニック",/img/default_menu/14203906906568.png
DRAGON 純豆腐 中目黒本店,35.647577,139.694718,3種のキノコ純豆腐,豆腐、卵、あさり、豚バラ、ネギ、エリンギ、舞茸、シメジ,,0,1,1,1100,"スンドゥブ,鍋料理,韓国料理,アジア・エスニック",/img/default_menu/14203907016131.png
DRAGON 純豆腐 中目黒本店,35.647577,139.694718,モチ明太チーズ純豆腐,豆腐、卵、あさり、豚バラ、ネギ、餅、明太子、チーズ,,0,1,1,1150,"スンドゥブ,鍋料理,韓国料理,アジア・エスニック",/img/default_menu/14203907136768.png
DRAGON 純豆腐 中目黒本店,35.647577,139.694718,海鮮純豆腐,豆腐、卵、あさり、豚バラ、ネギ、エビ、ホタテ、イカ,,0,1,1,1150,"スンドゥブ,鍋料理,韓国料理,アジア・エスニック",/img/default_menu/14203907265355.png
香家 中目黒店,35.647424,139.695024,日式・汁なし担々麺,香家オリジナル担々麺。ピリ辛の肉味噌と、当店オリジナルのちぢれ麺にたっぷり絡んだ独特の胡麻の風味がベストマッチ！,ハーフ麺のレディースセットもあり,1,1,0,980,"担々麺,ラーメン,麺類,日本食",/img/default_menu/IMG_100514203927738576.JPG
香家 中目黒店,35.647424,139.695024,麻辣汁なし担々麺,八角などの本格スパイスをたっぷり使ったスパイシーな汁なし担々麺。,ハーフ麺のレディースセットもあり,1,1,0,980,"担々麺,ラーメン,麺類,日本食",
香家 中目黒店,35.647424,139.695024,姫・担々麺,鬼・担々麺より辛さはひかえめ。コクのある胡麻の風味豊かな味わい担々麺。,ハーフ麺のレディースセットもあり,1,1,0,980,"担々麺,ラーメン,麺類,日本食",
香家 中目黒店,35.647424,139.695024,鬼・担々麺,これぞ本格の味！,ハーフ麺のレディースセットもあり,1,1,0,980,"担々麺,ラーメン,麺類,日本食",
香家 中目黒店,35.647424,139.695024,青鬼・担々麺,さわやかな香りの山椒をたっぷり仕様しました。,ハーフ麺のレディースセットもあり,1,1,0,980,"担々麺,ラーメン,麺類,日本食",
香家 中目黒店,35.647424,139.695024,えびわんたん麺,,ハーフ麺のレディースセットもあり,1,1,0,980,"ワンタン麺,ラーメン,麺類,中華料理",
香家 中目黒店,35.647424,139.695024,香港式あえ麺,,ハーフ麺のレディースセットもあり,1,1,0,930,"焼きそば,うどん・そば,麺類,日本食",
香家 中目黒店,35.647424,139.695024,ねぎ麺,たっぷりのったネギの香りと歯ごたえをお楽しみください。,ハーフ麺のレディースセットもあり,1,1,0,880,"ラーメン,麺類,日本食",
香家 中目黒店,35.647424,139.695024,とり麺,あっさり派の方におすすめ。,ハーフ麺のレディースセットもあり,1,1,0,980,"ラーメン,麺類,日本食",
俺流らーめん塩,35.647322,139.695064,俺流塩らーめん,,,0,1,1,650,"塩ラーメン,ラーメン,麺類,日本食",
俺流らーめん塩,35.647322,139.695064,俺流熟減塩らーめん,,,0,1,1,680,"塩ラーメン,ラーメン,麺類,日本食",
俺流らーめん塩,35.647322,139.695064,俺流辛塩らーめん,,,0,1,1,700,"塩ラーメン,ラーメン,麺類,日本食",
俺流らーめん塩,35.647322,139.695064,俺流冷やしらーめん,,,0,1,1,780,"塩ラーメン,ラーメン,麺類,日本食",
俺流らーめん塩,35.647322,139.695064,俺流あさりらーめん,,,0,1,1,780,"塩ラーメン,ラーメン,麺類,日本食",
俺流らーめん塩,35.647322,139.695064,俺流やさいらーめん,,,0,1,1,780,"塩ラーメン,ラーメン,麺類,日本食",
俺流らーめん塩,35.647322,139.695064,俺流塩つけめん,,,0,1,1,750,"つけ麺,ラーメン,麺類,日本食",
俺流らーめん塩,35.647322,139.695064,俺流みそつけめん,,,0,1,1,780,"つけ麺,ラーメン,麺類,日本食",
俺流らーめん塩,35.647322,139.695064,俺流冷やし中華,,,0,1,1,680,"冷やし中華,麺類,日本料理",
広州市場中目黒店,35.64694,139.695678,広州雲呑麺,煮豚飯or高菜飯or麻婆飯セット,,0,1,1,740,"ワンタン麺,ラーメン,麺類,中華料理",/img/default_menu/IMG_20141216_13561614203926251730.jpg
広州市場中目黒店,35.64694,139.695678,鶏と野菜の雲呑麺,煮豚飯or高菜飯or麻婆飯セット,,0,1,1,760,"ワンタン麺,ラーメン,麺類,中華料理",/img/default_menu/IMG_20141216_13561614203926371931.jpg
広州市場中目黒店,35.64694,139.695678,清湯海老雲呑麺,煮豚飯or高菜飯or麻婆飯セット,,0,1,1,790,"ワンタン麺,ラーメン,麺類,中華料理",/img/default_menu/IMG_20141216_13561614203926676987.jpg
広州市場中目黒店,35.64694,139.695678,三種盛り雲呑麺,煮豚飯or高菜飯or麻婆飯セット,,0,1,1,790,"ワンタン麺,ラーメン,麺類,中華料理",/img/default_menu/IMG_20141216_13561614203926808255.jpg
広州市場中目黒店,35.64694,139.695678,ネギ塩雲呑麺,煮豚飯or高菜飯or麻婆飯セット,,0,1,1,760,"ワンタン麺,ラーメン,麺類,中華料理",/img/default_menu/IMG_20141216_13561614203926919745.jpg
広州市場中目黒店,35.64694,139.695678,叉焼雲呑麺,,,0,1,1,740,"ワンタン麺,ラーメン,麺類,中華料理",/img/default_menu/IMG_20141216_13561614203927053621.jpg
広州市場中目黒店,35.64694,139.695678,広州雲呑,,,0,1,1,740,"ワンタン,ラーメン,麺類,中華料理",
広州市場中目黒店,35.64694,139.695678,拉麺,,,0,1,1,580,"ラーメン,麺類,日本食",
広州市場中目黒店,35.64694,139.695678,黒豚雲呑麺,,,0,1,1,850,"ワンタン,ラーメン,麺類,中華料理",
広州市場中目黒店,35.64694,139.695678,濃厚海老雲呑麺,,,0,1,1,780,"ワンタン,ラーメン,麺類,中華料理",
広州市場中目黒店,35.64694,139.695678,濃厚黒豚雲呑麺,,,0,1,1,850,"ワンタン,ラーメン,麺類,中華料理",
広州市場中目黒店,35.64694,139.695678,担々麺,,,0,1,1,790,"担々麺,ラーメン,麺類,日本食",
ピッツェリア エ トラットリア ダ イーサ,35.647223,139.695262,マルゲリータ,トマトソース、モッツァレラチーズ、バジル,その他トッピング,0,1,1,1000,"ピザ,粉物,イタリアン,洋食",
ピッツェリア エ トラットリア ダ イーサ,35.647223,139.695262,マリナーラ,トマトソース、バジリコ、ガーリック、オレガノ,その他トッピング,0,1,1,1000,"ピザ,粉物,イタリアン,洋食",
ピッツェリア エ トラットリア ダ イーサ,35.647223,139.695262,マルゲリータ アッラ コッカ,トマトソース、モッツァレラチーズ、バジル、タマゴ,その他トッピング,0,1,1,1000,"ピザ,粉物,イタリアン,洋食",
ピッツェリア エ トラットリア ダ イーサ,35.647223,139.695262,マルゲリータ アル トンノ,トマトソース、モッツァレラチーズ、バジル、ツナ,その他トッピング,0,1,1,1000,"ピザ,粉物,イタリアン,洋食",
ピッツェリア エ トラットリア ダ イーサ,35.647223,139.695262,マルゲリータ コン フンギ,トマトソース、モッツァレラチーズ、バジル、キノコ,その他トッピング,0,1,1,1000,"ピザ,粉物,イタリアン,洋食",
ピッツェリア エ トラットリア ダ イーサ,35.647223,139.695262,マルゲリータ コン マイス,トマトソース、モッツァレラチーズ、バジル、コーン,その他トッピング,0,1,1,1000,"ピザ,粉物,イタリアン,洋食",
ピッツァフォルノカフェ,35.647804,139.694289,マルゲリータ,看板ピッツァ,,0,1,1,500,"ピザ,粉物,イタリアン,洋食",
ピッツァフォルノカフェ,35.647804,139.694289,ジェノベーゼ,バジルソースたっぷり,,0,1,1,500,"ピザ,粉物,イタリアン,洋食",
ピッツァフォルノカフェ,35.647804,139.694289,マリナーラ,ガーリックが香ばしい,,0,1,1,500,"ピザ,粉物,イタリアン,洋食",
ピッツァフォルノカフェ,35.647804,139.694289,ナポレターノ,アンチョビ,,0,1,1,500,"ピザ,粉物,イタリアン,洋食",
ピッツァフォルノカフェ,35.647804,139.694289,プリマベーラ,野菜たっぷり,,0,1,1,650,"ピザ,粉物,イタリアン,洋食",
ピッツァフォルノカフェ,35.647804,139.694289,ビスマルク,半熟卵とアスパラ,,0,1,1,650,"ピザ,粉物,イタリアン,洋食",
ピッツァフォルノカフェ,35.647804,139.694289,ゴルゴンゾーラ,3種のチーズ,,0,1,1,700,"ピザ,粉物,イタリアン,洋食",
ピッツァフォルノカフェ,35.647804,139.694289,トロピカル,生ハム＆マンゴー,,0,1,1,700,"ピザ,粉物,イタリアン,洋食",
うさぎ食堂 中目黒店,35.647706,139.695309,鶏ラーメン,こってりコラーゲン豊富な鶏白湯スープと極細麺,,0,1,1,500,"塩ラーメン,ラーメン,麺類,日本食",
うさぎ食堂 中目黒店,35.647706,139.695309,鶏しょうゆラーメン,あっさり、鶏漬湯スープと甘しょう油たれと細麺,,0,1,1,500,"醤油ラーメン,ラーメン,麺類,日本食",
うさぎ食堂 中目黒店,35.647706,139.695309,元祖拌麺,旨味のつまった濃厚醤油たれと香味油を麺とよく混ぜて,,0,1,1,500,"焼きそば,うどん・そば,麺類,日本食",
うさぎ食堂 中目黒店,35.647706,139.695309,タンメン,野菜たっぷり、ボリューム満天！鶏塩スープと極太麺,,0,1,1,800,"タンメン,ラーメン,麺類,中華料理",
うさぎ食堂 中目黒店,35.647706,139.695309,月見カレー,鶏スープにスパイスを効かせた甘辛ルーに卵黄をのせて,,0,1,1,500,"カレーライス,カレー,日本食",
中目黒百麺,35.64624,139.697082,太麺,,#ERROR!,0,1,1,650,"魚介ラーメン,ラーメン,麺類,日本食",/img/default_menu/IMG_20141211_13155414203934883982.jpg
中目黒百麺,35.64624,139.697082,細麺,,#ERROR!,0,1,1,650,"魚介ラーメン,ラーメン,麺類,日本食",
中目黒百麺,35.64624,139.697082,海老ラー油の赤辣麺,,#ERROR!,0,1,1,800,"魚介ラーメン,ラーメン,麺類,日本食",
中目黒百麺,35.64624,139.697082,つけ麺,,,0,1,1,800,"つけ麺,ラーメン,麺類,日本食",
関谷スパゲティ,35.645448,139.69744,ナポリタン,玉ねぎ・ピーマン・マッシュルーム・ウィンナー・トマトケチャップ,100g増+150円、300g増+300円,0,1,1,680,"ナポリタン,パスタ,麺類,イタリアン,洋食",
関谷スパゲティ,35.645448,139.69744,アラビアータ,玉ねぎ・マッシュルーム・ベーコン・ブロッコリー・ツナ・ピリ辛トマトソース,100g増+150円、300g増+300円,0,1,1,680,"アラビアータ,パスタ,麺類,イタリアン,洋食",
関谷スパゲティ,35.645448,139.69744,醤油バジリコ,玉ねぎ・ピーマン・マッシュルーム・ベーコン・海老・大葉・トマト・ガーリック醤油,100g増+150円、300g増+300円,0,1,1,680,"和風パスタ,パスタ,麺類,日本食",
関谷スパゲティ,35.645448,139.69744,塩バジリコ,玉ねぎ・ピーマン・マッシュルーム・ベーコン・海老・トマト・バジル・塩タレ,100g増+150円、300g増+300円,0,1,1,680,"和風パスタ,パスタ,麺類,日本食",
関谷スパゲティ,35.645448,139.69744,たらこクリーム,玉ねぎ・海老・大葉・のり・たらこクリーム,100g増+150円、300g増+300円,0,1,1,680,"和風パスタ,パスタ,麺類,日本食",
関谷スパゲティ,35.645448,139.69744,きのこバター,玉ねぎ・椎茸・しめじ・ひら茸・マッシュルーム・ベーコン・ほうれん草・醤油タレ・メンテルバター,100g増+150円、300g増+300円,0,1,1,680,"和風パスタ,パスタ,麺類,日本食",
関谷スパゲティ,35.645448,139.69744,みそミート,玉ねぎ・ニラ・キャベツ・長ネギ・白ゴマ・甘辛肉味噌,100g増+150円、300g増+300円,0,1,1,680,"和風パスタ,パスタ,麺類,日本食",
関谷スパゲティ,35.645448,139.69744,カレーミート,玉ねぎ・ピーマン・じゃがいも・トマト・キーマカレー,100g増+150円、300g増+300円,0,1,1,680,"和風パスタ,パスタ,麺類,日本食",
黒川食堂 中目黒店,35.645314,139.69756,鯖の塩焼定食,,ご飯おかわり無料,1,1,1,900,"焼き魚,定食,焼き料理,魚料理,日本食",
黒川食堂 中目黒店,35.645314,139.69756,大海老フライ定食,,ご飯おかわり無料,1,1,1,1150,"エビフライ,定食,揚げ物,魚料理,日本食",
黒川食堂 中目黒店,35.645314,139.69756,牡蠣フライ定食,,ご飯おかわり無料,1,1,1,1030,"フライ魚,定食,揚げ物,魚料理,日本食",
黒川食堂 中目黒店,35.645314,139.69756,サーモンのフライ定食,,ご飯おかわり無料,1,1,1,880,"フライ魚,定食,揚げ物,魚料理,日本食",
黒川食堂 中目黒店,35.645314,139.69756,カジキマグロのフライ定食,,ご飯おかわり無料,1,1,1,930,"フライ魚,定食,揚げ物,魚料理,日本食",
黒川食堂 中目黒店,35.645314,139.69756,チキン南蛮定食,,ご飯おかわり無料,1,1,1,980,"チキン南蛮,定食,揚げ物,鶏肉料理,日本食",
黒川食堂 中目黒店,35.645314,139.69756,若鶏の唐揚げ定食,,ご飯おかわり無料,1,1,1,900,"からあげ,定食,揚げ物,鶏肉料理,日本食",
黒川食堂 中目黒店,35.645314,139.69756,チキンカツ定食,,ご飯おかわり無料,1,1,1,1030,"とんかつ,定食,揚げ物,肉料理,日本食",
黒川食堂 中目黒店,35.645314,139.69756,若鶏と野菜のトマト煮混み定食,,ご飯おかわり無料,1,1,1,930,"からあげ,定食,揚げ物,鶏肉料理,日本食",
黒川食堂 中目黒店,35.645314,139.69756,若鶏と野菜の黒酢炒めて移植,,ご飯おかわり無料,1,1,1,860,"からあげ,定食,揚げ物,鶏肉料理,日本食",
AFURI 中目黒,35.644496,139.699638,塩らーめん,,,0,1,1,750,"塩ラーメン,ラーメン,麺類,日本食",
AFURI 中目黒,35.644496,139.699638,ゆず塩麺,,,0,1,1,850,"塩ラーメン,ラーメン,麺類,日本食",
AFURI 中目黒,35.644496,139.699638,紅塩麺,,,0,1,1,880,"塩ラーメン,ラーメン,麺類,日本食",
AFURI 中目黒,35.644496,139.699638,醤油らーめん,,,0,1,1,750,"醤油ラーメン,ラーメン,麺類,日本食",
AFURI 中目黒,35.644496,139.699638,ゆず醤油麺,,,0,1,1,850,"醤油ラーメン,ラーメン,麺類,日本食",
AFURI 中目黒,35.644496,139.699638,紅醤油麺,,,0,1,1,880,"醤油ラーメン,ラーメン,麺類,日本食",
AFURI 中目黒,35.644496,139.699638,甘露つけ麺,,,0,1,1,750,"つけ麺,ラーメン,麺類,日本食",
AFURI 中目黒,35.644496,139.699638,柚子露つけ麺,,,0,1,1,850,"つけ麺,ラーメン,麺類,日本食",
AFURI 中目黒,35.644496,139.699638,辛露つけ麺,,,0,1,1,880,"つけ麺,ラーメン,麺類,日本食",
イム アロイ,35.646715,139.69786,スパイシーチキンと玉子のせご飯,スープ付き,,1,1,0,900,"ガパオ,炒め物,肉料理,タイ料理,アジア・エスニック",/img/default_menu/14203914245512.png
イム アロイ,35.646715,139.69786,タイ風焼きビーフン,スープ付き,,1,1,0,850,"パッタイ,炒め物,麺類,タイ料理,アジア・エスニック",/img/default_menu/14203914415015.png
イム アロイ,35.646715,139.69786,タイ風鶏肉のグリーンカレー,スープ付き,,1,1,0,850,"グリーンカレー,カレー,タイカレー,タイ料理,アジア・エスニック",/img/default_menu/IMG_20141215_13285914203914556303.jpg
イム アロイ,35.646715,139.69786,タイ風鶏肉ラーメンビーフン麺,小チャーハン付き,,1,1,0,850,"ラーメン,麺類,タイ料理,アジア・エスニック",/img/default_menu/14203914723091.png
イム アロイ,35.646715,139.69786,タイ風鶏肉ラーメン,小チャーハン付き,,1,1,0,880,"ラーメン,麺類,タイ料理,アジア・エスニック",/img/default_menu/14203914874207.png
イム アロイ,35.646715,139.69786,トムヤムクンラーメンビーフン麺,小チャーハン付き,,1,1,0,850,"トムヤムラーメン,トムヤムクン,ラーメン,麺類,タイ料理,アジア・エスニック",/img/default_menu/14203915024393.png
イム アロイ,35.646715,139.69786,トムヤムクンラーメン,小チャーハン付き,,1,1,0,880,"トムヤムラーメン,トムヤムクン,ラーメン,麺類,タイ料理,アジア・エスニック",/img/default_menu/14203915126297.png
イム アロイ,35.646715,139.69786,タイ風蒸し鶏とご飯,スープ付き,,1,1,0,900,"カオマンガイ,蒸し料理,肉料理,タイ料理,アジア・エスニック",
Ｂｂｒアパートメント,35.641342,139.697435,名物三元豚のトンテキ,約200gのBIGな三元豚の肩ロース肉を、独自の製法でしっとりと柔らかく焼き上げる、ランチ限定のポークステーキです。,ライス・スープ付き,1,1,0,980,"ステーキ,焼き物,肉料理,アメリカ料理",
Ｂｂｒアパートメント,35.641342,139.697435,チキンのトマト煮,鶏のもも肉約200gを、完熟トマトでつくった特製トマトソースでじっくり柔らかく煮込みました。,ライス・スープ付き,1,1,0,980,"ステーキ,焼き物,肉料理,アメリカ料理",
Ｂｂｒアパートメント,35.641342,139.697435,ビーフストロガノフ,上質な特選牛肉をワインとトマト、生クリームで煮込んだ、当店特製のビーフストロガノフです。牛肉もどっさりと約150g,ライス・スープ付き,1,1,0,980,"ビーフシチュー,シチュー,スープ,煮物,洋食",
Ｂｂｒアパートメント,35.641342,139.697435,オムジャワカレー,数十種類のスパイスと香味野菜をじっくり煮込んでスパイシーに仕上げたカレーソースに半熟のオムレツを乗せました。,ライス・スープ付き,1,1,0,900,"カレーライス,カレー,日本食",
香食楽,35.640956,139.695182,かくらカレー,,トッピング多数,1,1,0,1000,"カレーライス,カレー,日本食",/img/default_menu/IMG_528814203928343309.JPG
香食楽,35.640956,139.695182,黒カレー,,トッピング多数,1,1,0,1200,"カレーライス,カレー,日本食",
香食楽,35.640956,139.695182,美肌カレー,,トッピング多数,1,1,0,1200,"カレーライス,カレー,日本食",
香食楽,35.640956,139.695182,ベジカレー,,トッピング多数,1,1,0,1300,"カレーライス,カレー,日本食",
香食楽,35.640956,139.695182,ハーフ＆ハーフカレー,,トッピング多数,1,1,0,1400,"カレーライス,カレー,日本食",
チェゴヤ 池尻店,35.65053,139.683604,スンドゥブチゲ,,,1,1,0,900,"スンドゥブ,鍋料理,韓国料理,アジア・エスニック",/img/default_menu/IMG_874614203928962877.JPG
チェゴヤ 池尻店,35.65053,139.683604,キムチチゲ,,,1,1,0,900,"キムチチゲ,鍋料理,韓国料理,アジア・エスニック",/img/default_menu/IMG_874114203929117647.JPG
チェゴヤ 池尻店,35.65053,139.683604,サムゲタンセット,,,1,1,0,980,"サムゲタン,鍋料理,韓国料理,アジア・エスニック",/img/default_menu/14203929233020.png
チェゴヤ 池尻店,35.65053,139.683604,石焼ビビンバ,,,1,1,0,800,"ビビンバ,炒め物,米料理,韓国料理,アジア・エスニック",/img/default_menu/14203929372663.png
チェゴヤ 池尻店,35.65053,139.683604,特製！石焼キムチビビンバ,,,1,1,0,900,"ビビンバ,炒め物,米料理,韓国料理,アジア・エスニック",/img/default_menu/14203929481079.png
チェゴヤ 池尻店,35.65053,139.683604,石焼ダッカルビ丼,,,1,1,0,800,"肉料理,韓国料理,アジア・エスニック",/img/default_menu/14203929587241.png
チェゴヤ 池尻店,35.65053,139.683604,ビビンバ,,,1,1,0,750,"ビビンバ,炒め物,米料理,韓国料理,アジア・エスニック",/img/default_menu/14203929687572.png
チェゴヤ 池尻店,35.65053,139.683604,プルコギサラダ丼,,,1,1,0,900,"プルコギ,炒め物,肉料理,韓国料理,アジア・エスニック",/img/default_menu/14203929797548.png
チェゴヤ 池尻店,35.65053,139.683604,石焼カルビ丼,,,1,1,0,980,"カルビ,炒め物,肉料理,韓国料理,アジア・エスニック",/img/default_menu/14203929913761.png
チェゴヤ 池尻店,35.65053,139.683604,ユッケジャンスープ,,,1,1,0,800,"ユッケジャン,鍋料理,韓国料理,アジア・エスニック",/img/default_menu/14203930003206.png
チェゴヤ 池尻店,35.65053,139.683604,カルビタンスープ,,,1,1,0,800,"肉料理,韓国料理,アジア・エスニック",/img/default_menu/14203930103343.png
チェゴヤ 池尻店,35.65053,139.683604,春雨ご飯,,,1,1,0,750,"米料理,韓国料理,アジア・エスニック",/img/default_menu/14203930209151.png
チェゴヤ 池尻店,35.65053,139.683604,バルガン麺,,,1,1,0,900,"麺類,韓国料理,アジア・エスニック",/img/default_menu/14203930301470.png
チェゴヤ 池尻店,35.65053,139.683604,トルネンビうどん,,,1,1,0,900,"麺類,韓国料理,アジア・エスニック",/img/default_menu/14203930403947.png
チェゴヤ 池尻店,35.65053,139.683604,イカ炒めご飯,,,1,1,0,800,"丼もの,韓国料理,アジア・エスニック",/img/default_menu/14203930522180.png
チェゴヤ 池尻店,35.65053,139.683604,冷麺,,,1,1,0,800,"冷麺,麺類,韓国料理,アジア・エスニック",/img/default_menu/14203930624809.png
チェゴヤ 池尻店,35.65053,139.683604,プルコギご飯,,,1,1,0,900,"プルコギ,炒め物,肉料理,韓国料理,アジア・エスニック",/img/default_menu/14203930721714.png
チェゴヤ 池尻店,35.65053,139.683604,豚カルビご飯,,,1,1,0,800,"カルビ,炒め物,肉料理,韓国料理,アジア・エスニック",/img/default_menu/14203930876006.png
麺の坊 砦,35.657149,139.691443,のり玉担々麺,,季節限定,0,1,1,1100,"担々麺,ラーメン,麺類,日本食",/img/default_menu/IMG_884714203937183659.JPG
安穏 戊,35.647283,139.695198,チキン南蛮定食,鶏もも肉を唐揚げにし、南蛮酢にくぐらせ、タルタルソースをかけた、宮崎の郷土料理です。タルタルソースが自家製なので、揚げ物なのに意外とサッパリと召し上がって頂けます。,,1,1,0,900,"チキン南蛮,定食,揚げ物,鶏肉料理,日本食",
安穏 戊,35.647283,139.695198,豚生姜焼き定食,豚は冷凍を使わず、生肉の包丁きりにこだわって使用しております。生姜は東京の市場には入荷しない高知県産の品種「黄金生姜」を取り寄せて使用しています。鮮烈な香り・味が素晴らしい生姜です。,,1,1,0,900,"生姜焼き,定食,炒め物,肉料理,日本食",/img/default_menu/14203925482254.png
框家 恵比寿,35.647961,139.707707,若鶏の唐揚げ定食,,大盛り無料。おかわり+100円,1,1,0,800,"からあげ,定食,揚げ物,鶏肉料理,日本食",
框家 恵比寿,35.647961,139.707707,豚ロースのしょうが焼き定食,,大盛り無料。おかわり+100円,1,1,0,800,"生姜焼き,定食,炒め物,肉料理,日本食",
框家 恵比寿,35.647961,139.707707,チキン南蛮定食,,大盛り無料。おかわり+100円,1,1,0,800,"チキン南蛮,定食,揚げ物,鶏肉料理,日本食",
框家 恵比寿,35.647961,139.707707,若鶏竜田揚げ甘酢しょうゆ定食,,大盛り無料。おかわり+100円,1,1,0,800,"からあげ,定食,揚げ物,鶏肉料理,日本食",
油そば商店 油坊主,35.645769,139.674786,コク深しょうゆ 油そば,,,0,1,0,600,"油そば,ラーメン,麺類,日本食",/img/default_menu/IMG_909714203937686952.JPG
油そば商店 油坊主,35.645769,139.674786,濃厚まろやか しお油そば,,,0,1,0,600,"油そば,ラーメン,麺類,日本食",
油そば商店 油坊主,35.645769,139.674786,たまねぎシャキッ トマト油そば,,,0,1,0,600,"油そば,ラーメン,麺類,日本食",/img/default_menu/IMG_90961420393789802.JPG
ヴィナーヤ,35.645874,139.71371,チキンカレー,,,1,1,0,950,"インドカレー,カレー,インド料理,アジア・エスニック",
ヴィナーヤ,35.645874,139.71371,バターチキンカレー,,,1,1,0,950,"バターチキンカレー,カレー,インドカレー,インド料理,アジア・エスニック",/img/default_menu/IMG_20141118_13352914203916071217.jpg
ヴィナーヤ,35.645874,139.71371,マトンカレー,,,1,1,0,950,"マトンカレー,カレー,インドカレー,インド料理,アジア・エスニック",/img/default_menu/IMG_20141118_13353414203916209105.jpg
ヴィナーヤ,35.645874,139.71371,野菜カレー,,,1,1,0,950,"インドカレー,カレー,インド料理,アジア・エスニック",
ヴィナーヤ,35.645874,139.71371,シーフードカレー,,,1,1,0,950,"インドカレー,カレー,インド料理,アジア・エスニック",
SOI 7,35.642371,139.698446,鶏肉のバジル炒めセット,,単品750,1,1,0,950,"ガパオ,炒め物,肉料理,タイ料理,アジア・エスニック",/img/default_menu/14203921682142.jpg
SOI 7,35.642371,139.698446,鶏肉のグリーンカレーセット,,単品750円,1,1,0,950,"グリーンカレー,カレー,タイカレー,タイ料理,アジア・エスニック",/img/default_menu/IMG_20141125_1254011420392182571.jpg
SOI 7,35.642371,139.698446,豚肉入りチャーハンセット,,単品750円,1,1,0,950,"チャーハン,炒め物,米料理,タイ料理,アジア・エスニック",/img/default_menu/14203921982897.jpg
SOI 7,35.642371,139.698446,海老入りやきそば,,単品750円,1,1,0,950,"焼きそば,麺類,炒め物,麺類,タイ料理,アジア・エスニック",/img/default_menu/14203922175785.jpg
SOI 7,35.642371,139.698446,トムヤムクンラーメンセット,,単品800円,1,1,0,950,"トムヤムラーメン,トムヤムクン,ラーメン,麺類,タイ料理,アジア・エスニック",/img/default_menu/14203922314090.jpg
SOI 7,35.642371,139.698446,豚肉入りしょうゆやきそばセット,,単品750円,1,1,0,950,"焼きそば,麺類,炒め物,麺類,タイ料理,アジア・エスニック",/img/default_menu/14203922818515.jpg
SOI 7,35.642371,139.698446,豚肉入り野菜炒めセット,,単品750円,1,1,0,950,"炒め物,肉料理,タイ料理,アジア・エスニック",/img/default_menu/14203922954401.jpg
SOI 7,35.642371,139.698446,トムヤムライスヌードルセット,,単品800円,1,1,0,950,"トムヤムラーメン,トムヤムクン,ラーメン,麺類,タイ料理,アジア・エスニック",/img/default_menu/14203923061025.jpg
SOI 7,35.642371,139.698446,鶏の炊き込みご飯蒸し鶏添えセット,,単品850円,1,1,0,1050,"カオマンガイ,蒸し料理,肉料理,タイ料理,アジア・エスニック",/img/default_menu/14203923188436.jpg
SOI 7,35.642371,139.698446,豚のレッドカレーセット,,単品750円,1,1,0,950,"レッドカレー,カレー,タイカレー,タイ料理,アジア・エスニック",/img/default_menu/14203923288841.jpg
レッドブック,35.645289,139.700948,インド風チキンカリー,骨付きの鶏もも肉が入った当店の看板メニュー。まずはこれがオススメ,,1,1,0,900,"インドカレー,カレー,インド料理,アジア・エスニック",/img/default_menu/IMG_20141128_1258531420390983459.jpg
レッドブック,35.645289,139.700948,ほうれん草のカリー,チキンカレーをベースにほうれん草のペーストが入ったマイルドなカレー,,1,1,0,1000,"サグカレー,カレー,インドカレー,インド料理,アジア・エスニック",/img/default_menu/14203909979794.jpg
レッドブック,35.645289,139.700948,キーマカリー,スパイシーでコクのある鶏ひき肉のカレー。食べごたえあり。,,1,1,0,1000,"キーマカレー,カレー,インドカレー,インド料理,アジア・エスニック",/img/default_menu/14203910095513.jpg
レッドブック,35.645289,139.700948,豚肉のカリー,柔らかい角切りの豚肉入り。甘味と酸味のクセになる味わい,,1,1,0,1050,"インドカレー,カレー,インド料理,アジア・エスニック",/img/default_menu/14203910192830.jpg
レッドブック,35.645289,139.700948,ひよこ豆のベジカリー,,ホクホクとした豆の食感と生姜・トマトの効いた野菜カレー,1,1,0,1000,"インドカレー,カレー,インド料理,アジア・エスニック",/img/default_menu/14203910305025.jpg
レッドブック,35.645289,139.700948,煮込みハンバーグ,トマトデミグラソースで煮込んだハンバーグ。,サラダ・ライス付き,1,1,0,1050,"ハンバーグ,焼き物,肉料理,アメリカ料理",/img/default_menu/14203910411920.jpg
末ぜん,35.64892,139.70153,さば塩焼き,,,1,1,,900,"焼き魚,定食,焼き料理,魚料理,日本食",/img/default_menu/IMG_20141218_12263314203935334213.jpg
末ぜん,35.64892,139.70153,つぼだい塩焼き,,,1,1,,1000,"焼き魚,定食,焼き料理,魚料理,日本食",
末ぜん,35.64892,139.70153,さば味噌煮,,,1,1,,950,"焼き魚,定食,焼き料理,魚料理,日本食",
末ぜん,35.64892,139.70153,もつ煮込み,,,1,1,,900,"定食,日本食",
末ぜん,35.64892,139.70153,カキフライ,,,1,1,,1300,"牡蠣フライ,定食,揚げ物,魚料理,日本食",
末ぜん,35.64892,139.70153,刺身,,,1,1,,1300,"定食,魚料理,日本食",
ライオンのいるサーカス,35.645586,139.707792,つけナポリタン,,,1,1,,910,"つけ麺,パスタ,ナポリタン,麺類,日本食,洋食",/img/default_menu/IMG_20141219_13141014203924834187.jpg
ライオンのいるサーカス,35.645586,139.707792,タコライス,,,1,1,,910,洋食,
ライオンのいるサーカス,35.645586,139.707792,グリーンカレー,,,1,1,,910,"グリーンカレー,カレー,タイカレー,タイ料理,アジア・エスニック",
ライオンのいるサーカス,35.645586,139.707792,豚の生姜焼き定食,,,1,1,,910,"生姜焼き,定食,炒め物,肉料理,日本食",
クルン・サイアム 中目黒店,35.645338,139.700516,鶏挽肉のホーリーバジル炒め,,,1,1,,980,"ガパオ,炒め物,肉料理,タイ料理,アジア・エスニック",/img/default_menu/14203919028622.png
クルン・サイアム 中目黒店,35.645338,139.700516,エビ入や焼きビーフン,,,1,1,,980,"パッタイ,炒め物,麺類,タイ料理,アジア・エスニック",/img/default_menu/14203919181486.png
クルン・サイアム 中目黒店,35.645338,139.700516,鶏肉のグリーンカレー,,,1,1,,1080,"グリーンカレー,カレー,タイカレー,タイ料理,アジア・エスニック",/img/default_menu/IMG_20141205_13025214203919318515.jpg
クルン・サイアム 中目黒店,35.645338,139.700516,ハーブたっぷりトムヤム麺,,,1,1,,980,"トムヤムラーメン,トムヤムクン,ラーメン,麺類,タイ料理,アジア・エスニック",/img/default_menu/142039194422.png
クルン・サイアム 中目黒店,35.645338,139.700516,鶏肉のイエローカレー,,,1,1,,980,"イエローカレー,カレー,タイカレー,タイ料理,アジア・エスニック",
クルン・サイアム 中目黒店,35.645338,139.700516,エビとアボカドのグリーンカレー,,,1,1,,1240,"グリーンカレー,カレー,タイカレー,タイ料理,アジア・エスニック",/img/default_menu/14203919921611.png
クルン・サイアム 中目黒店,35.645338,139.700516,辛酸っぱいトムヤムチャーハン,,,1,1,,980,"トムヤムクン,チャーハン,米料理,タイ料理,アジア・エスニック",/img/default_menu/14203920046296.png
クルン・サイアム 中目黒店,35.645338,139.700516,エビ入りスパイシートムヤムビーフン,,,1,1,,980,"トムヤムラーメン,トムヤムクン,ラーメン,麺類,タイ料理,アジア・エスニック",/img/default_menu/14203920172393.png
クルン・サイアム 中目黒店,35.645338,139.700516,カオ・マン・ガイ,,,1,1,,980,"カオマンガイ,蒸し料理,肉料理,タイ料理,アジア・エスニック",/img/default_menu/14203920298075.png
クルン・サイアム 中目黒店,35.645338,139.700516,カオソイ,,,1,1,,1080,"ラーメン,麺類,タイ料理,アジア・エスニック",/img/default_menu/14203920402488.png
クルン・サイアム 中目黒店,35.645338,139.700516,タレー・パッポン・カリー,,,1,1,,1240,"レッドカレー,カレー,タイカレー,タイ料理,アジア・エスニック",/img/default_menu/14203920508613.png
クルン・サイアム 中目黒店,35.645338,139.700516,カオ・パット・クン,,,1,1,,950,"チャーハン,米料理,タイ料理,アジア・エスニック",/img/default_menu/14203920615916.png
クルン・サイアム 中目黒店,35.645338,139.700516,センレク・ナーム,,,1,1,,880,"タイ料理,アジア・エスニック",/img/default_menu/14203920709835.png
クルン・サイアム 中目黒店,35.645338,139.700516,タイ・スキ,,,1,1,,1050,"タイ料理,アジア・エスニック",/img/default_menu/14203920812135.png
ギューギュー MASA,35.647275,139.695166,ステーキライス,,,1,1,,800,"ステーキ,焼き物,肉料理,アメリカ料理",/img/default_menu/IMG_20141217_14303214203916856703.jpg
ギューギュー MASA,35.647275,139.695166,絶品牛すじカレー,,,1,1,,800,"カレーライス,カレー,日本食",
ギューギュー MASA,35.647275,139.695166,はいからビーフシチュー,,,1,1,,800,"ビーフシチュー,シチュー,スープ,煮物,洋食",/img/default_menu/IMG_20141220_12081114203917151704.jpg
ギューギュー MASA,35.647275,139.695166,ベースハンバーグ,,,1,1,,1200,"ハンバーグ,焼き物,肉料理,アメリカ料理",/img/default_menu/IMG_20141220_12082314203917302413.jpg
ギューギュー MASA,35.647275,139.695166,デミグラスハンバーグ,,,1,1,,1400,"ハンバーグ,焼き物,肉料理,アメリカ料理",
ギューギュー MASA,35.647275,139.695166,ガーリッククリームハンバーグ,,,1,1,,1400,"ハンバーグ,焼き物,肉料理,アメリカ料理",
ギューギュー MASA,35.647275,139.695166,リブロースステーキ,,,1,1,,2100,"ステーキ,焼き物,肉料理,アメリカ料理",
GRILL BURGER CLUB SASA,35.648152,139.703616,ハンバーガー,,,1,1,,850,"ハンバーガー,パン料理,アメリカ料理,肉料理,洋食",
GRILL BURGER CLUB SASA,35.648152,139.703616,チーズバーガー,,,1,1,,950,"ハンバーガー,パン料理,アメリカ料理,肉料理,洋食",
GRILL BURGER CLUB SASA,35.648152,139.703616,アボカドバーガー,,,1,1,,1050,"ハンバーガー,パン料理,アメリカ料理,肉料理,洋食",
GRILL BURGER CLUB SASA,35.648152,139.703616,アボカドチーズバーガー,,,1,1,,1150,"ハンバーガー,パン料理,アメリカ料理,肉料理,洋食",
GRILL BURGER CLUB SASA,35.648152,139.703616,ベーコンチーズバーガー,,,1,1,,1100,"ハンバーガー,パン料理,アメリカ料理,肉料理,洋食",
GRILL BURGER CLUB SASA,35.648152,139.703616,中目黒バーガー,,,1,1,,1200,"ハンバーガー,パン料理,アメリカ料理,肉料理,洋食",
GRILL BURGER CLUB SASA,35.648152,139.703616,モッツァレラチーズバーガー,,,1,1,,1050,"ハンバーガー,パン料理,アメリカ料理,肉料理,洋食",
GRILL BURGER CLUB SASA,35.648152,139.703616,サルサチーズバーガー,,,1,1,,1050,"ハンバーガー,パン料理,アメリカ料理,肉料理,洋食",
GRILL BURGER CLUB SASA,35.648152,139.703616,チリチーズバーガー,,,1,1,,1100,"ハンバーガー,パン料理,アメリカ料理,肉料理,洋食",
GRILL BURGER CLUB SASA,35.648152,139.703616,チポトレバーガー,,,1,1,,1100,"ハンバーガー,パン料理,アメリカ料理,肉料理,洋食",
GRILL BURGER CLUB SASA,35.648152,139.703616,ダブルチーズバーガー,,,1,1,,1350,"ハンバーガー,パン料理,アメリカ料理,肉料理,洋食",
GRILL BURGER CLUB SASA,35.648152,139.703616,ダブルベーコンチーズエッグバーガー,,,1,1,,1600,"ハンバーガー,パン料理,アメリカ料理,肉料理,洋食",
GRILL BURGER CLUB SASA,35.648152,139.703616,テリヤキチキンバーガー,,,1,1,,900,"ハンバーガー,パン料理,アメリカ料理,肉料理,洋食",/img/default_menu/IMG_849214203913255541.JPG
GRILL BURGER CLUB SASA,35.648152,139.703616,スモークサーモンとアボカドのサンド,,,1,1,,820,"サンドウィッチ,パン料理,アメリカ料理,肉料理,洋食",
GRILL BURGER CLUB SASA,35.648152,139.703616,B.L.Tサンド,,,1,1,,730,"サンドウィッチ,パン料理,アメリカ料理,肉料理,洋食",
GRILL BURGER CLUB SASA,35.648152,139.703616,ホットドッグ,,,1,1,,580,"サンドウィッチ,パン料理,アメリカ料理,肉料理,洋食",
恵比寿 旬菜料理 なかよし,35.647763,139.708275,若鶏の唐揚げ甘酢あんかけ定食,,,1,1,,830,"からあげ,定食,揚げ物,鶏肉料理,日本食",/img/default_menu/IMG_20141226_13030014203923789768.jpg
恵比寿 旬菜料理 なかよし,35.647763,139.708275,カキフライ定食,,,1,1,,930,"牡蠣フライ,定食,揚げ物,魚料理,日本食",
恵比寿 旬菜料理 なかよし,35.647763,139.708275,若鳥と厚揚げ豆腐の照り煮定食,,,1,1,,880,"からあげ,定食,揚げ物,鶏肉料理,日本食",
恵比寿 旬菜料理 なかよし,35.647763,139.708275,サバのもろ味噌煮定食,,,1,1,,950,"焼き魚,定食,焼き料理,魚料理,日本食",
恵比寿 旬菜料理 なかよし,35.647763,139.708275,さわらの幽庵焼き定食,,,1,1,,980,"焼き魚,定食,焼き料理,魚料理,日本食",
恵比寿 旬菜料理 なかよし,35.647763,139.708275,さわらの柚味噌焼き定食,,,1,1,,980,"焼き魚,定食,焼き料理,魚料理,日本食",
恵比寿 旬菜料理 なかよし,35.647763,139.708275,肉じゃが定食,,,1,1,,780,"定食,煮物,野菜料理,日本食",
恵比寿 旬菜料理 なかよし,35.647763,139.708275,肉豆富定食,,,1,1,,880,"定食,煮物,野菜料理,日本食",
恵比寿 旬菜料理 なかよし,35.647763,139.708275,サバの味噌煮定食,,,1,1,,880,"定食,焼き料理,魚料理,日本食",
恵比寿 旬菜料理 なかよし,35.647763,139.708275,若鳥の唐揚げ定食,,,1,1,,780,"からあげ,定食,揚げ物,鶏肉料理,日本食",
恵比寿 旬菜料理 なかよし,35.647763,139.708275,若鳥のみぞれ和え定食,,,1,1,,830,"からあげ,定食,揚げ物,鶏肉料理,日本食",
恵比寿 旬菜料理 なかよし,35.647763,139.708275,チキン南蛮定食,,,1,1,,880,"チキン南蛮,定食,揚げ物,鶏肉料理,日本食",
恵比寿 旬菜料理 なかよし,35.647763,139.708275,なす味噌定食,,,1,1,,780,"定食,煮物,野菜料理,日本食",
恵比寿 旬菜料理 なかよし,35.647763,139.708275,生姜焼き定食,,,1,1,,830,"生姜焼き,定食,炒め物,肉料理,日本食",
恵比寿 旬菜料理 なかよし,35.647763,139.708275,サンマの塩焼き定食,,,1,1,,830,"焼き魚,定食,焼き料理,魚料理,日本食",
恵比寿 旬菜料理 なかよし,35.647763,139.708275,サバの塩焼き定食,,,1,1,,830,"焼き魚,定食,焼き料理,魚料理,日本食",
恵比寿 旬菜料理 なかよし,35.647763,139.708275,サバのみりん干し定食,,,1,1,,880,"定食,焼き料理,魚料理,日本食",
恵比寿 旬菜料理 なかよし,35.647763,139.708275,しまほっけ定食,,,1,1,,880,"焼き魚,定食,焼き料理,魚料理,日本食",